# CONCAT 文字列連結

```
CONCAT(1つ目のカラム, 2つ目のカラム)
```

##### 使ってみる

```sql
mysql> SELECT * FROM hoge;
+----------+-----------+
| str1     | str2      |
+----------+-----------+
| 織田      | 信長      |
+----------+-----------+
1 rows in set (0.00 sec)


mysql> SELECT str1, str2, CONCAT(str1, str2)
    -> FROM hoge;
+----------+-----------+-----------------------+
| str1     | str2      | concat(str1, str2)    |
+----------+-----------+-----------------------+
| 織田      | 信長      | 織田信長                |
+----------+-----------+-----------------------+
1 rows in set (0.00 sec)
```
